[{"name":"spawn","flags":{"edit":true,"god":true,"touch":true},"pos1":[6,62,-42],"pos2":[93,64,61],"level":"Swamp House","whitelist":["ig3l_yt"]},{"name":"spawnx","flags":{"edit":false,"god":true,"touch":true},"pos1":[93,59,61],"pos2":[6,105,-42],"level":"Swamp House","whitelist":["ig3l_yt"]},{"name":"arena","flags":{"edit":false,"god":false,"touch":true},"pos1":[76,58,68],"pos2":[52,79,93],"level":"Swamp House","whitelist":["ig3l_yt"]},{"name":"arena1","flags":{"edit":false,"god":false,"touch":false},"pos1":[76,57,68],"pos2":[48,76,61],"level":"Swamp House","whitelist":["ig3l_yt"]}]