{
    "TLOREK": [
        {
            "x": 374.42245483398,
            "y": 43.199995880127,
            "z": 43.199995880127,
            "yaw": 1,
            "pitch": 55,
            "level": "world"
        },
        {
            "x": 372.21615600586,
            "y": 46.950003509521,
            "z": 46.950003509521,
            "yaw": 316,
            "pitch": 66,
            "level": "world"
        },
        {
            "x": 376.48348999023,
            "y": 46.950003509521,
            "z": 46.950003509521,
            "yaw": 174,
            "pitch": 64,
            "level": "world"
        },
        {
            "x": 371.58734130859,
            "y": 51.825003509521,
            "z": 51.825003509521,
            "yaw": 50,
            "pitch": 79,
            "level": "world"
        },
        {
            "x": 373.00848388672,
            "y": 51.825003509521,
            "z": 51.825003509521,
            "yaw": 210,
            "pitch": 67,
            "level": "world"
        },
        {
            "x": 373.84948730469,
            "y": 48.075003509521,
            "z": 48.075003509521,
            "yaw": 179,
            "pitch": 30,
            "level": "world"
        },
        {
            "x": 377.82675170898,
            "y": 48.075003509521,
            "z": 48.075003509521,
            "yaw": 126,
            "pitch": 61,
            "level": "world"
        },
        {
            "x": 374.55679321289,
            "y": 39.450014953613,
            "z": 39.450014953613,
            "yaw": 183,
            "pitch": 16,
            "level": "world"
        },
        {
            "x": 374.15423583984,
            "y": 39.450014953613,
            "z": 39.450014953613,
            "yaw": 359,
            "pitch": 11,
            "level": "world"
        },
        {
            "x": -137.44958496094,
            "y": 65.038271789551,
            "z": 65.038271789551,
            "yaw": 185,
            "pitch": 41,
            "level": "world"
        },
        {
            "x": -114.65699768066,
            "y": 64.000002746582,
            "z": 64.000002746582,
            "yaw": 23,
            "pitch": 23,
            "level": "world"
        }
    ],
    "AdiPol1359": [
        {
            "x": 369.41586303711,
            "y": 37.753001098633,
            "z": 37.753001098633,
            "yaw": 341,
            "pitch": 21,
            "level": "world"
        },
        {
            "x": 373.2585144043,
            "y": 37.753001098633,
            "z": 37.753001098633,
            "yaw": 352,
            "pitch": 13,
            "level": "world"
        },
        {
            "x": 374.69104003906,
            "y": 37.753001098633,
            "z": 37.753001098633,
            "yaw": 358,
            "pitch": 12,
            "level": "world"
        },
        {
            "x": 377.02288818359,
            "y": 34.37800491333,
            "z": 34.37800491333,
            "yaw": 336,
            "pitch": 10,
            "level": "world"
        },
        {
            "x": 376.07904052734,
            "y": 34.37800491333,
            "z": 34.37800491333,
            "yaw": 20,
            "pitch": 12,
            "level": "world"
        },
        {
            "x": 375.92590332031,
            "y": 31.378001098633,
            "z": 31.378001098633,
            "yaw": 72,
            "pitch": 13,
            "level": "world"
        },
        {
            "x": 371.23989868164,
            "y": 32.127989654541,
            "z": 32.127989654541,
            "yaw": 122,
            "pitch": 14,
            "level": "world"
        }
    ]
}